{"n_failed": 1, "nodes": [["42431785"]]}
{"n_failed": 1, "nodes": [["8122411159"]]}
{"n_failed": 1, "nodes": [["370888101"]]}
{"n_failed": 1, "nodes": [["42435925"]]}
{"n_failed": 1, "nodes": [["246858433"]]}
{"n_failed": 1, "nodes": [["42429874"]]}
{"n_failed": 1, "nodes": [["60921167"]]}
{"n_failed": 1, "nodes": [["4597668044"]]}
{"n_failed": 1, "nodes": [["42438503"]]}
{"n_failed": 1, "nodes": [["42437967"]]}
{"n_failed": 4, "nodes": [["595314103"], ["42441283", "42441299", "5004570627"]]}
{"n_failed": 510, "nodes": [["62915514"], ["42423885", "42446504", "42427390", "42443676", "42427483", "42453630", "42427821", "42437693", "42429664", "42454381", "42437914", "42445310", "42438674", "42433644", "42443563", "42455761", "42430691", "42432706", "42434285", "42437670", "42455751", "42437371", "42434821", "42454433", "42455735", "1701844618", "42439286", "42443975", "42452365", "42449341", "42446668", "42451695", "42452975"], ["42427381", "5849918502", "42427427", "42435629", "42427812", "4443775464", "42432700", "42435677", "42432589", "42429662", "9097335851", "42430694", "42430698", "42431497", "42432594", "42432598", "42435675", "42433620", "42435654", "42434271", "4205565533", "42434810", "42435633", "4443775465", "42435578", "42435598", "42435599", "42435603", "42435610", "42435624", "42435632", "42435642", "42435644", "42435645", "42435646", "42435650", "42435657", "42435660", "42435663", "5849918504", "42435671", "42435680", "42436146", "42436411", "4207862996", "4207862998", "427804205", "4492821528"], ["42427371", "42430265", "42427423", "42430274", "42427797", "42430288", "42430279", "42430292", "42430311", "42430317", "42430324", "42428310", "42429374", "42430253", "42429659", "42430263", "42430249", "42430255", "42430257", "42430259", "42430269", "42430271", "42430277", "42430282", "42430295", "42430298", "42430304", "42430308", "42430314", "42430320", "42430329", "42430338", "42430342", "42430344", "42430347", "42430350", "42430352", "42430356", "42430358", "42430361", "42430363", "42430367", "42430371", "42430375", "42430378", "42430390", "42430707", "42431500", "4685453634", "42454042"], ["42430241", "42455026", "42446528", "42445885", "42430857", "42430745", "7443621689", "42455643", "42430861", "42431452", "42437018", "42443612", "42432438", "42433278", "42445910", "42434948", "42445908", "42436578", "42436701", "42445936", "42436746", "42445404", "42436939", "42437280", "42456543", "42445888", "42438881", "42445928", "42446521", "42439203", "42440323", "42440453", "42445926", "42445920", "42445899", "42445917", "42444043", "42445896", "42445651", "42445914", "42445903", "42445909", "42445941"], ["42437949", "42428473", "42445543", "42429896", "42449918", "42437951", "42449886", "42433272", "42456211", "42456303", "42434140", "42443296", "42437283", "42434959", "42449932", "42436586", "4138911201", "42436753", "42445413", "42449893", "42439170", "42449956", "42439249", "42440326", "42440463", "42449926", "42449928", "42449947", "42444051", "42443298", "4235734225", "42443615", "42446275", "42449314", "42449938", "42449948", "42449589", "42449685"], ["42454010", "42423564", "2711029280", "42428460", "1918039876", "42429700", "1692433941", "42430805", "42433822", "42430811", "4320028826", "42430813", "42430818", "42430903", "42454994", "42434352", "42431470", "42439323", "42446902", "1918039896", "1918039901", "42433587", "42456205", "42451987", "7490266268", "42443799", "42434205", "42434974", "42455915", "1918039869", "42436598", "42436714", "42455963", "42436796", "42452396", "42436943", "42440743", "42437289", "42455887", "42437339", "42455867", "42439181", "42451787", "42446889", "42439542", "387184869", "42440469", "42452882", "42448390", "42453601", "42442848", "42444827", "42446547", "42448707", "42455934", "42443618", "42445667", "42453011", "42449021", "42449580", "595105531", "5993830853", "42453166", "1918039898", "1701844698", "7480301864", "6133355290"], ["42423051", "370894980", "42439207", "42440408", "42427358", "42449874", "42452048", "42442255", "1692433919", "42429643", "42437996", "486867405", "42429701", "42431777", "42429752", "1773076511", "42429754", "486867432", "42429762", "486867490", "42429766", "42437106", "5159433792", "42430187", "1692433938", "5812723036", "42431785", "42431802", "42433275", "42431773", "42431797", "42431789", "42431804", "4841945993", "42431805", "42431812", "42431814", "42431822", "1692433907", "42432063", "42432066", "42432068", "9166033061", "42432071", "1919595924", "1919595921", "42432082", "42437608", "42447428", "42452084", "42440686", "42449570", "42445489", "42432282", "42452056", "42432302", "42449076", "42435931", "1692433924", "3569749128", "42434197", "42434969", "42435470", "1692433914", "588455701", "593300940", "42436703", "42456611", "1692433932", "42437114", "42437605", "42437612", "1918039864", "42437613", "42452076", "42438886", "42459098", "1692433935", "42440456", "1692433920", "1692433928", "42442269", "42442788", "42446398", "3785586743", "42443613", "42457401", "7132405547", "42451593", "1919595910", "42448338", "42453365", "3846772737", "9140864985", "1692433918", "370913779", "42457940", "370897166", "370913758", "370914027", "3212472843", "1692433911", "1919595912", "1919595923", "6166413694", "9177540204"], ["6744466013", "7132405537", "42454742", "42433539", "42433542", "42453691", "42433543", "42435550", "42456986", "42452006", "42436894", "42452610", "42449089", "42436149", "42459436", "42440527", "42440943", "5550244689", "42457735", "42457426", "42454642", "5542680312"], ["42427337", "42429806", "42429412", "5173594703", "42455357", "593816275", "42431990", "42435435", "496707000", "42435922", "42436088", "42436093", "42436097", "42436100", "42442291", "5706568658", "3630219668"], ["42427305", "42442230", "42431992", "42437753", "7476387556", "42432097", "42432099", "42432102", "42432103", "42435925", "42437965", "42437967", "42440792", "486867548", "7612925053"], ["42437559"], ["42425955", "42447255", "42429829"], ["42436322", "2821304143", "42448593", "42456492", "4143875757"], ["42430848", "42440280", "42440282", "42440287"], ["42454795", "42448583", "42427249", "42429353", "42429838", "42434410", "3350498747", "42440347", "4015192929"], ["42456297", "42426747", "279151954", "42444355", "42436202", "42446849", "42444360", "4142105811", "7722035760", "42436313", "42440873", "42444353", "205019740", "4149936235"], ["42421941", "42421960", "42421965", "4145794861", "42432116", "42436340", "42436014", "42436069", "42438060", "42446632", "42451370", "42452994", "246911576"], ["42424610", "4137021568", "42427311", "42445484", "4143851144", "42447249", "42438779", "246858448", "42434839", "42434842", "42436335", "5812723035", "42436330", "42436333", "42453038", "42436336", "42438781", "246890098", "42453059", "246858445", "246890279"]]}
{"n_failed": 3, "nodes": [["42443615"], ["6680686184", "9177540204"]]}
{"n_failed": 2, "nodes": [["589927993"], ["589927965"]]}
{"n_failed": 1, "nodes": [["42436919"]]}
{"n_failed": 1, "nodes": [["42449427"]]}
{"n_failed": 1, "nodes": [["42446941"]]}
{"n_failed": 1, "nodes": [["42452875"]]}
{"n_failed": 4, "nodes": [["42427358"], ["42435544", "42437346", "42453607"]]}
{"n_failed": 1, "nodes": [["42448326"]]}
{"n_failed": 1, "nodes": [["42435671"]]}
{"n_failed": 1, "nodes": [["42436779"]]}
{"n_failed": 1, "nodes": [["42453691"]]}
{"n_failed": 1, "nodes": [["42457660"]]}
{"n_failed": 2, "nodes": [["42450089"], ["3786741452"]]}
{"n_failed": 1, "nodes": [["246901366"]]}
{"n_failed": 1, "nodes": [["42440131"]]}
{"n_failed": 1, "nodes": [["42440804"]]}
{"n_failed": 1, "nodes": [["42449833"]]}
{"n_failed": 1, "nodes": [["42428283"]]}
{"n_failed": 1, "nodes": [["4015192929"]]}
{"n_failed": 1, "nodes": [["42429700"]]}
{"n_failed": 1, "nodes": [["42438949"]]}
{"n_failed": 1, "nodes": [["4347534783"]]}
{"n_failed": 1, "nodes": [["42428944"]]}
{"n_failed": 1, "nodes": [["42427236"]]}
{"n_failed": 1, "nodes": [["1918039876"]]}
{"n_failed": 1, "nodes": [["1061531802"]]}
{"n_failed": 1, "nodes": [["370880739"]]}
{"n_failed": 8, "nodes": [["4158673495"], ["42434410", "673008453"], ["42427249", "42429353", "42433330", "42440347", "6262915547"]]}
{"n_failed": 1, "nodes": [["42447174"]]}
{"n_failed": 1, "nodes": [["42435633"]]}
{"n_failed": 1, "nodes": [["42435387"]]}
{"n_failed": 1, "nodes": [["42429552"]]}
{"n_failed": 1, "nodes": [["42443116"]]}
{"n_failed": 1, "nodes": [["42431990"]]}
{"n_failed": 1, "nodes": [["42445637"]]}
{"n_failed": 1, "nodes": [["561042188"]]}
{"n_failed": 1, "nodes": [["42430143"]]}
{"n_failed": 7, "nodes": [["42429083"], ["42454300", "42454240", "42445689", "42450290", "42442384", "42443492"]]}
{"n_failed": 2, "nodes": [["42435755"], ["42431203"]]}
{"n_failed": 1, "nodes": [["1272562931"]]}
{"n_failed": 1, "nodes": [["42446932"]]}
{"n_failed": 1, "nodes": [["595105499"]]}
{"n_failed": 1, "nodes": [["42432071"]]}
{"n_failed": 6, "nodes": [["42435894"], ["42440065", "42440069", "42440075", "42438018", "42440072"]]}
{"n_failed": 1, "nodes": [["42429970"]]}
{"n_failed": 137, "nodes": [["42440918"], ["42436021", "42440916", "42436313", "42438060"], ["42424408", "42424610", "42436340", "42436308", "42429833", "42436326", "42430529", "42430571", "42436014", "42436335", "42436322", "42436327", "42436330", "42436333"], ["42429830", "42430115", "42430118", "42430122", "42430126", "42430131", "4143859865", "5812723036", "42430550", "42449600", "4143851142"], ["42427300", "42427278", "4561384853", "42427305", "42427307", "42427311", "42431602", "42445700", "9121386334"], ["8262936586", "42435435", "7132405535", "588545728"], ["1538237434", "42430848", "42440804", "588455742", "42437559", "1773066054", "42437564", "4625620213", "4625620212", "1538237248", "541467364"], ["42440335", "42429636", "7480410410", "42429641", "42434410", "42431992", "42437124", "42437753", "42432250", "42433330", "673008453", "42445612", "42435916", "42435922", "42437755", "42445606", "42439581", "4015192929", "42440345", "42440343"], ["42422050", "42422053", "6262915548", "42452708", "42427256", "42440356", "42444242", "42432103", "42432171", "42432181", "42433205", "42433218", "42433243", "3350498747", "42438476", "42437135", "42435923", "42436563", "482807376", "588455857", "1538237325", "278609760", "42443928", "42445617", "42444129", "42444108", "42444116", "42444123"], ["42422270", "42431889", "42428365", "42428368", "42428371", "42428373", "42444480", "42446849", "205020852", "588593353", "4145735059"], ["42421941", "42421960", "42453902", "42431898", "42426747", "279151954", "42433834", "42427251", "42427411", "42433718", "588546891", "42433715", "42429844", "42433712", "246901366", "42444353", "42444479", "42452994", "5815234915", "246858654", "4207802391", "1772136810", "1772136801", "3914862593"]]}
{"n_failed": 1, "nodes": [["42457319"]]}
{"n_failed": 248, "nodes": [["42423549"], ["42421828", "42430942", "42430938", "42429806", "42432108", "42432057", "42449029", "42455013", "274342024", "42430945", "42444837", "274342021", "42434233", "42455181", "42444833", "42436957", "42446571", "42437349", "42455175", "42453610", "42453158"], ["42430924", "42455007", "42449027", "42432095", "42434226", "2324482224", "42444832", "42436947", "42446562", "42437346", "42455083", "42453607", "42453177", "486867548"], ["42430914", "42449023", "42454997", "9166033061", "1919595924", "42432099", "42434148", "42434215", "42444829", "42436944", "42439006", "42446552", "42437343", "42455051", "42453604", "42453175"], ["42432066", "42432068", "42432071", "42432073", "42432075", "3670609093", "42432102"], ["42427337", "42440408", "42429643", "42437996", "42451660", "42429754", "486869282", "42432085", "42435544", "42432083", "42437113", "42447428", "42440686", "42452076", "42451593"], ["7480410410", "1773076513", "42429814", "42432082", "42437608", "42432184", "42437589", "42435550", "42437114", "42437605", "42437965", "42437967", "42440792", "42437990", "42440679", "42440785", "42440798", "42445603", "1775260897", "1773063787", "4477147270", "4477147269"], ["42430034", "42442230", "42432178", "42435910", "42432282", "42432238", "1773055865", "42432241", "42432244", "42432246", "42432250", "42432302", "42432305", "1918039901", "496707000"], ["4158673495", "9121386338", "42445466", "42445474", "42445481", "42445479", "42445484", "42428434", "42428438", "42428441", "42428444", "42430535", "42431602", "4878831008", "42431617", "42431992", "42437124", "42437753", "42432181", "42438476", "1538237325", "42445606", "278609760", "1272562931", "42444108", "42448469", "42448483", "370705004", "2821304146", "2821304145"], ["42428391", "1538237434", "42428402", "272195271", "42428405", "42428408", "42428411", "42428420", "5706569905", "42428425", "42428428", "42428431", "42439583", "42432156", "42449576", "42448552", "42430007", "42429565", "42430009", "2821304138", "42430848", "42440280", "5812723033", "42449570", "42433205", "673008453", "4015192929", "1538237248", "42442269", "42448440", "1919595925", "2821304136", "5706568658", "272195270", "8262936580", "2821304137"], ["246858433", "42422038", "42422042", "42422050", "42422053", "6262915548", "42422270", "42444424", "588593611", "42434412", "42440545", "246858435", "246858448", "42436770", "42442276", "42435925", "588455700", "42454423", "42448558", "42445702", "42436056", "42436181", "42446622", "42436184", "42436187", "1506902240", "42436336", "42437396", "246858431", "3772840882", "42440553", "1692433928", "246858449", "373880031", "5799117240", "42456888", "205020852", "370880758", "5815234915", "246858445", "246909454", "588593353", "4145735059"], ["42421941", "42421960", "42453773", "42433712", "246901366", "42434855", "42445700", "42450325", "42452994", "1692433939"], ["42437536", "42431877", "42429504", "42429507", "2824895141", "42433822", "42431875", "42436856", "42433286"], ["42430108", "42432127", "42433282", "42432135", "42433260", "42436779", "42436796", "42439542"], ["42433269"]]}
{"n_failed": 1, "nodes": [["42449683"]]}
{"n_failed": 1, "nodes": [["42442659"]]}
{"n_failed": 3, "nodes": [["42428433"], ["7132405537", "42434855"]]}
{"n_failed": 1, "nodes": [["1701844698"]]}
{"n_failed": 1, "nodes": [["205020852"]]}
{"n_failed": 1, "nodes": [["42429971"]]}
{"n_failed": 1, "nodes": [["42427991"]]}
{"n_failed": 1, "nodes": [["42450015"]]}
{"n_failed": 1, "nodes": [["42431008"]]}
{"n_failed": 1, "nodes": [["42439588"]]}
{"n_failed": 1, "nodes": [["42435680"]]}
{"n_failed": 1, "nodes": [["4143851142"]]}
{"n_failed": 1, "nodes": [["42458313"]]}
{"n_failed": 1, "nodes": [["42440012"]]}
{"n_failed": 8, "nodes": [["42445174"], ["42429833", "42436326", "42430529", "42430571", "42436021", "42445171", "42436322"]]}
{"n_failed": 1, "nodes": [["42430050"]]}
{"n_failed": 1, "nodes": [["4616536352"]]}
{"n_failed": 13, "nodes": [["42437396"], ["42422026"], ["42446632"], ["42456297", "42436202", "42433712", "42452994"], ["278608420", "42431877", "42429521", "42431875", "42448578", "42443666"]]}
{"n_failed": 1, "nodes": [["42439498"]]}
{"n_failed": 8, "nodes": [["4158673495"], ["42434410", "673008453"], ["42427249", "42429353", "42433330", "42440347", "6262915547"]]}
{"n_failed": 229, "nodes": [["42440854"], ["42429833", "42436326", "42430529", "42430571", "42445171", "42436088", "42436093", "42436097", "42436100", "42436322"], ["42432116", "42436353", "42436359", "42436369", "42436355", "42436364"], ["4137021568", "42430154", "42438779", "42430136", "5216470727", "42430147", "42430160", "42430167", "5151708184", "42430468", "42438781"], ["42442230", "42432127", "42439527", "42431517", "42431519", "42431524", "42431528", "42431273", "42431275", "42436384", "42432135", "42452026", "42436126", "42452006", "6210448862", "42439530", "42439533", "1919595927", "42448549", "4202908174", "4321748237"], ["5159433792", "4143851144", "42447249", "42447246", "42433282", "42432152", "42442273", "42433260", "42452040", "42436793", "42439537", "1692433940", "42440553"], ["42427278", "4561384853", "42427305", "42427307", "42427311", "42427319", "42427322", "42427324", "42427327", "42430041", "42449045", "42442247", "42431602", "42445498", "42445548", "9121386334"], ["42449582", "42436935", "1773076513", "42453104", "1773082408", "42432184", "42432282", "42437589", "42435456", "42452056", "42435470", "1773076778", "42437559", "1773076509", "1773084410", "595407648", "42456206", "1773078006"], ["8262936586", "42429644", "42429762", "486868830", "42453773", "42432105", "42432238", "42432241", "42433537", "588455742", "42433542", "42433543", "5796726888", "42444267", "42437965", "42437967", "588545728"], ["42425955", "42427300", "7132405548", "42445466", "1538237434", "42432108", "486867490", "42429766", "42437106", "42431822", "42431992", "42437124", "42437753", "42432103", "42432111", "42435922", "42435923", "42452816", "42437755", "6330018917", "496707003", "1538237248", "42440785", "42445617", "42448162", "3212472978"], ["42440356", "42440335", "5812723036", "42432068", "42432099", "42432244", "42438034", "42433205", "42433218", "42433243", "3350498747", "42438476", "42437135", "42433330", "673008453", "42435928", "42436313", "588455857", "1538237325", "42437503", "1773063789", "278609760", "4015192929", "42440345", "42440343", "42440449", "42443928", "42444129", "42444108", "42444116", "42444123", "1773060097", "588455738", "1773060099", "1773063787"], ["42422042", "42422050", "42422053", "6262915548", "42427251", "42444424", "42454798", "42440350", "42428376", "42428377", "42428379", "42428385", "42428391", "42428402", "42428405", "42428408", "2821304138", "42431990", "42440916", "2821304136", "8262936580", "278608718", "278609863", "2821304137"], ["42421951", "42444223", "42421965", "42431898", "4145794861", "246858433", "42422270", "278608420", "588593611", "42431889", "42431877", "246858435", "42446849", "42431875", "42445702", "42436056", "42436336", "246858431", "373880031", "205020852", "5815234915", "246909454", "588593353", "4145735059"], ["42426747", "279151954", "42433712", "246901366"], ["42452994"], ["42446632"], ["3772840882"]]}
{"n_failed": 414, "nodes": [["42443570"], ["42430589", "246580466", "42427824", "42430603", "42430594", "5730369220", "42430597", "42430600", "42430607", "42430629", "42430633", "42430639", "42430643", "42430646", "42430651", "593839894", "42430664", "42430669", "42430673", "42430677", "7280430895", "42430680", "42430685", "42430688", "42430704", "42430722"], ["42444991", "42427386", "42444916", "42427477", "42429412", "42429663", "42430691", "42430694", "42443534", "593816275", "42443532", "42432703", "42443561", "42433625", "4491359481", "42434279", "42443674", "42437688", "387180916", "42444928", "42444954", "42444960", "42444985", "42445001", "42445020", "42438672", "42444933", "42444909", "42445011", "4557517552", "4557517549", "42444964", "42445018", "358448394"], ["42427374", "42427426", "42438547", "42429661", "42439840", "42434807", "42435422", "42430698", "42430713", "42446363", "42434270", "42439842", "4954493915"], ["42427369", "42454378", "42428206", "42427787", "42428223", "42439272", "42443671", "42428216", "42428220", "42428227", "42428232", "42429657", "7372860100", "42449333", "42434268", "6223969260", "42430707", "42430736", "42431490", "42453624", "449581627"], ["42428258", "42428264", "42428268", "4597668032", "42437644", "42452973", "42434946", "4597668029", "4597668043", "42445365", "561042190", "4597668033", "4597668030", "4597668020", "4597668031", "4597668042", "4597668044", "247123612", "561042188"], ["42428277", "42430324", "42428283", "42428287", "42429890", "2302133933", "42433604", "42446488", "42445910", "42458333", "42434954", "42436582", "42446925", "42436751", "42446270", "42440325", "42446935", "8482948064", "42445649", "561042193", "561042194", "42446932", "42446933", "42446934", "42446941", "561042192"], ["42428272", "42429900", "42430342", "42430363", "42432464", "42442935", "42434355", "5849918504", "42435671", "42442955", "42436754", "42442898", "42437530", "42452875", "42440465", "42442952", "42442895", "42442902", "42442906", "42442910", "42442913", "42442931", "42442933"], ["42431452", "42431453", "42431459", "42449890", "42443811", "42446879", "1701844664"], ["371037281", "4886250352", "42436935", "42450352", "42434352", "42431464", "42440737"], ["7132405537", "42426875", "589100228", "42427030", "42427036", "1919595922", "42447237", "42437451", "42455695", "42428007", "42436492", "42428010", "596799891", "42429694", "42431482", "42437830", "42440754", "42455675", "42431684", "42436489", "42436944", "42439006", "42439001", "4161568888", "370896902", "42439191", "5137978709", "42440401", "42447435", "42451604", "42448714", "42451018", "9166033062", "42451665", "592509222", "3783071109", "4332491210", "3783071112", "4478001045", "7480301865"], ["42454391", "42423295", "42437786", "42451712", "42424142", "42427335", "42452107", "42440408", "42427742", "42452117", "7499263656", "42428020", "42451744", "42456060", "42440545", "42429643", "42437996", "42451660", "42429690", "42430063", "42450009", "42433282", "42446584", "42431680", "42449991", "42447428", "42452084", "42440686", "42432181", "42432250", "42435456", "42433260", "4375208206", "42434237", "42444835", "42445612", "42436486", "42438800", "42436793", "42439537", "42436919", "42436921", "42436922", "1773084405", "42437339", "42437343", "42437346", "42437349", "42437354", "42455396", "42453613", "42445606", "42437962", "42452076", "42447105", "42439561", "42439581", "42446472", "42453160", "42445630", "370893397", "42451593", "42450641", "370893396", "9177540204"], ["42423039", "42450820", "42423296", "370888100", "42425955", "7132405548", "42427305", "42427316", "42427319", "5706569898", "42440810", "42427322", "42427324", "42427327", "42430041", "42436551", "42428052", "3785532382", "42433421", "42440820", "486867405", "486867490", "42435544", "42442247", "42430056", "42454691", "42430154", "42440829", "42430136", "5216470727", "42430147", "42430160", "42430167", "5151708184", "42437433", "4158807592", "42432063", "42432066", "7476387556", "1773055865", "42435435", "42435451", "588455742", "42433573", "42440825", "42443799", "7132405535", "6123654602", "42445498", "42435509", "42436093", "42436097", "42436100", "6210448866", "4207862995", "42436390", "4207862996", "42438795", "42444820", "42436914", "42437503", "42437559", "1773066054", "42437564", "4625620213", "4625620212", "5161246301", "42437749", "42444277", "42439813", "42438490", "42438498", "42439557", "8996353563", "4143859873", "3785586743", "3884569931", "4205865492", "42446461", "8828140387", "589929417", "205024444", "278608816", "587988061", "3212472843", "486867548", "7612925053", "541467364", "588455743", "3785532381", "4477147269", "3891963915", "4321748237"], ["42429833", "42436326", "42430529", "42430571", "42431519", "42433212", "42452620", "42433243", "42438476", "42437135", "673008453", "42436374", "42436322", "8648032265", "482807376", "588455857", "1538237325", "278609760", "42439399", "42444108", "42452556", "42457292"], ["42431528", "42436119", "42436122", "42436381", "42436134", "42444267"], ["42457421", "42433272", "42436139", "42436404", "42457426"], ["42433278", "42436146", "42436411"], ["42436152", "4685453636", "42439096"]]}
{"n_failed": 1, "nodes": [["42452708"]]}
{"n_failed": 1, "nodes": [["42437755"]]}
{"n_failed": 1, "nodes": [["42440785"]]}
{"n_failed": 1, "nodes": [["42437339"]]}
{"n_failed": 1, "nodes": [["42443810"]]}
{"n_failed": 1, "nodes": [["1773060099"]]}
{"n_failed": 4, "nodes": [["42436296"], ["42454240", "42445689", "42442384"]]}
{"n_failed": 1, "nodes": [["1919595928"]]}
{"n_failed": 1, "nodes": [["42437921"]]}
{"n_failed": 1, "nodes": [["42435553"]]}
{"n_failed": 1, "nodes": [["42430519"]]}
{"n_failed": 2, "nodes": [["42422509"], ["589100164"]]}
{"n_failed": 1, "nodes": [["42428975"]]}
{"n_failed": 171, "nodes": [["42425484"], ["589927965", "42426968", "589927943", "589927991", "373850916", "7732243576", "589928020", "589928047"], ["42426810", "5333189422", "42438240", "42433781", "42439897", "42434306", "42439225", "42436003", "42439887", "42439891", "42435967", "42436728", "42439864", "42439878", "42439899", "42439924", "42439868", "42439873", "42439905", "42439927", "42439929", "2141002590", "5333189424"], ["42427883", "42427888", "42427894", "42439653", "42435814", "42433779", "4888388399", "42435810", "42440381", "3099327945", "3099327970"], ["42438235", "42434117", "42436724", "42448141", "42438984", "42448979"], ["42429538", "42434113"], ["42432949", "42432950", "42439588", "42435844", "42435850"], ["42436734", "42448607", "42448611", "42438839", "42427735", "42440146", "42448661", "42434097", "42438246", "42448655", "42444854", "42439210", "42448605", "42438291", "42443658"], ["42442645", "42434098", "42435997", "42438247", "42442635", "42442604", "42438836", "42438024", "42442596", "42442589", "42442592", "42442638"], ["42428873", "42428876", "42428892", "42428912", "561035351"], ["42438228", "2383895312", "42441191", "7491182059"], ["3570003194", "42441805", "561035371", "42428961", "42452130", "42432669", "42442656", "595352906", "561035369", "561035372", "2504882471", "587934263", "587934311", "761293090", "761329683"], ["42425348", "595314114", "2029349871", "42428989", "42427152", "42427156", "42428998", "42427168", "42429006", "42458936", "42428114", "60926616", "1061531593", "42428980", "2541754688", "42428984", "2499757469", "42428985", "42428994", "42429002", "42429011", "42429557", "42441895", "42431096", "595314120", "42441889", "42432228", "42433035", "42433011", "42442684", "42433020", "42433024", "42433027", "2499803009", "42433030", "7132814246", "42433256", "595314119", "42441899", "42442642", "5048446874", "60928402", "60918586", "60925316", "60918686", "60926787", "60925716", "60927291", "60928839", "60926791", "595441949", "60926905", "7907957252", "5333189421", "5333189423"], ["42432218", "42432220", "42439730", "42439362", "42437316", "42439728", "42439721", "42439724", "42449166"]]}
{"n_failed": 1, "nodes": [["42429701"]]}
{"n_failed": 2, "nodes": [["42446959"], ["8122411159"]]}
{"n_failed": 1, "nodes": [["42429700"]]}
{"n_failed": 1, "nodes": [["42429633"]]}
{"n_failed": 1, "nodes": [["42428007"]]}
{"n_failed": 1, "nodes": [["42432931"]]}
{"n_failed": 4, "nodes": [["587812578"], ["42441521", "42437005", "42441526"]]}
{"n_failed": 3, "nodes": [["374472690"], ["42434559", "5051485235"]]}
{"n_failed": 6, "nodes": [["42436630"], ["42450055"], ["42434895"], ["42430479"], ["42438949"], ["42445259"]]}
{"n_failed": 1, "nodes": [["595314040"]]}
